Workbook

Sheet Instructions
A1: Exercise — map raw data into SDTM DM by hand
A2: Study ABC-01 · do this BEFORE writing any code
A4: What you are doing
A5: The 'SDTM DM (EXERCISE)' sheet has the 23 SDTM DM variables as columns and one row per subject. Subject ABC-01-01-001 is already filled in as a worked example. Complete the other 7 rows by hand.
A8: Why by hand first
A9: A spreadsheet forces you to confront every value individually. Once you have mapped 8 subjects manually, the SAS program in Notebook 04 is just automating something you already understand.
A12: Where the data comes from
A13: THREE source sheets: 'RAW dm' (demographics), 'RAW ex' (exposure — the dose dates), and 'RAW ds' (disposition — end of study). DM is not built from demographics alone.
A16: How to check yourself
A17: The 'Check' sheet compares every cell you enter against the correct answer and shows OK or '?'. It updates as you type. Aim for 100%.
A20: LEGEND
B21: Yellow = YOU fill this in
B22: Green = worked example, already done
B23: Grey = read-only source data
A25: THE RULES YOU NEED
A26: STUDYID / DOMAIN | B26: Constant "ABC-01" and "DM".
A27: USUBJID | B27: STUDYID + "-" + SITEID + "-" + SUBJID -> ABC-01-01-001. Keep the leading zeros!
A28: SUBJID / SITEID / COUNTRY / ARM | B28: Copy from RAW dm exactly as collected.
A29: AGE | B29: COMPLETED years from BRTHDTC to RFICDTC. Both are DD-MMM-YYYY (e.g. 14-MAY-1969). Subtract 1 if the birthday has not happened yet by the consent date. AGEU is always YEARS.
A30: SEX / RACE / ETHNIC | B30: Look up in the 'CT Lookups' sheet. Trim spaces, match the CT spelling exactly.
A31: ARMCD | B31: Drug A -> A, Placebo -> P. ACTARM = ARM and ACTARMCD = ARMCD in this study.
A32: RFSTDTC / RFENDTC | B32: From 'RAW ex': first and last dose date. RFXSTDTC = RFSTDTC, RFXENDTC = RFENDTC.
A33: RFICDTC | B33: From 'RAW dm' (consent date).
A34: RFPENDTC | B34: From 'RAW ds' (EOSDT) — the DISPOSITION form, not demographics.
A35: DTHDTC / DTHFL | B35: Leave blank — nobody died in this study.
A36: All dates | B36: The RAW dates are DD-MMM-YYYY (e.g. 01-MAR-2024). SDTM wants ISO 8601: YYYY-MM-DD. CONVERT EVERY ONE — that is a real part of the job.
A38: INSTRUCTOR NOTE: the 'ANSWER' sheet holds the completed domain. Delete it before giving this file to trainees if you want them to work blind (the Check sheet will then stop working).

Sheet RAW dm
A1: RAW dm — source file: dm_raw.csv
A2: Demographics form, completed at SCREENING. SEX is a code, RACE is free text, and the dates are DD-MMM-YYYY — NOT ISO.
A4: STUDYID | B4: SITEID | C4: SUBJID | D4: BRTHDTC | E4: SEX | F4: RACE | G4: ETHNIC | H4: COUNTRY | I4: ARM | J4: RFICDTC | K4: RANDDTC
A5: ABC-01 | B5: 01 | C5: 001 | D5: 14-MAY-1969 | E5: 2 | F5: White | G5: Not Hispanic or Latino | H5: USA | I5: Drug A | J5: 20-FEB-2024 | K5: 01-MAR-2024
A6: ABC-01 | B6: 01 | C6: 002 | D6: 02-NOV-1963 | E6: 1 | F6: Asian | G6: Not Hispanic or Latino | H6: JPN | I6: Placebo | J6: 22-FEB-2024 | K6: 04-MAR-2024
A7: ABC-01 | B7: 01 | C7: 003 | D7: 30-AUG-1977 | E7: 2 | F7: black or african american | G7: Not Hispanic or Latino | H7: USA | I7: Drug A | J7: 25-FEB-2024 | K7: 05-MAR-2024
A8: ABC-01 | B8: 01 | C8: 004 | D8: 19-FEB-1958 | E8: 1 | F8: White | G8: Hispanic or Latino | H8: USA | I8: Placebo | J8: 26-FEB-2024 | K8: 06-MAR-2024
A9: ABC-01 | B9: 02 | C9: 001 | D9: 07-JUL-1972 | E9: 1 | F9: White | G9: Not Hispanic or Latino | H9: GBR | I9: Drug A | J9: 01-MAR-2024 | K9: 11-MAR-2024
A10: ABC-01 | B10: 02 | C10: 002 | D10: 25-DEC-1980 | E10: 2 | F10: asian | G10: Not Hispanic or Latino | H10: JPN | I10: Placebo | J10: 02-MAR-2024 | K10: 12-MAR-2024
A11: ABC-01 | B11: 02 | C11: 003 | D11: 11-MAR-1966 | E11: 2 | F11: White | G11: Not Hispanic or Latino | H11: USA | I11: Drug A | J11: 04-MAR-2024 | K11: 14-MAR-2024
A12: ABC-01 | B12: 02 | C12: 004 | D12: 23-SEP-1955 | E12: 1 | F12: Black or African American | G12: Unknown | H12: USA | I12: Placebo | J12: 05-MAR-2024 | K12: 15-MAR-2024

Sheet RAW ex
A1: RAW ex — source file: ex_raw.csv
A2: Exposure form. EXSTDTC / EXENDTC give you RFSTDTC / RFENDTC — convert them to ISO.
A4: STUDYID | B4: SITEID | C4: SUBJID | D4: EXTRT | E4: EXDOSE | F4: EXDOSU | G4: EXFREQ | H4: EXROUTE | I4: EXSTDTC | J4: EXENDTC | K4: EXINTP
A5: ABC-01 | B5: 01 | C5: 001 | D5: Drug A | E5: 50 | F5: mg | G5: QD | H5: ORAL | I5: 01-MAR-2024 | J5: 28-MAR-2024 | K5: N
A6: ABC-01 | B6: 01 | C6: 002 | D6: Placebo | E6: 0 | F6: mg | G6: QD | H6: ORAL | I6: 04-MAR-2024 | J6: 31-MAR-2024 | K6: N
A7: ABC-01 | B7: 01 | C7: 003 | D7: Drug A | E7: 50 | F7: mg | G7: QD | H7: ORAL | I7: 05-MAR-2024 | J7: 01-APR-2024 | K7: N
A8: ABC-01 | B8: 01 | C8: 004 | D8: Placebo | E8: 0 | F8: mg | G8: QD | H8: ORAL | I8: 06-MAR-2024 | J8: 25-MAR-2024 | K8: N
A9: ABC-01 | B9: 02 | C9: 001 | D9: Drug A | E9: 50 | F9: mg | G9: QD | H9: ORAL | I9: 11-MAR-2024 | J9: 07-APR-2024 | K9: N
A10: ABC-01 | B10: 02 | C10: 002 | D10: Placebo | E10: 0 | F10: mg | G10: QD | H10: ORAL | I10: 12-MAR-2024 | J10: 08-APR-2024 | K10: N
A11: ABC-01 | B11: 02 | C11: 003 | D11: Drug A | E11: 50 | F11: mg | G11: QD | H11: ORAL | I11: 14-MAR-2024 | J11: 10-APR-2024 | K11: N
A12: ABC-01 | B12: 02 | C12: 004 | D12: Placebo | E12: 0 | F12: mg | G12: QD | H12: ORAL | I12: 15-MAR-2024 | J12: 11-APR-2024 | K12: N

Sheet RAW ds
A1: RAW ds — source file: ds_raw.csv
A2: Disposition form, completed at END OF STUDY. EOSDT gives you RFPENDTC — convert it to ISO.
A4: STUDYID | B4: SITEID | C4: SUBJID | D4: EOSSTAT | E4: EOSDT | F4: EOSREAS | G4: EOSOTH
A5: ABC-01 | B5: 01 | C5: 001 | D5: Completed | E5: 28-MAR-2024
A6: ABC-01 | B6: 01 | C6: 002 | D6: Completed | E6: 31-MAR-2024
A7: ABC-01 | B7: 01 | C7: 003 | D7: Completed | E7: 01-APR-2024
A8: ABC-01 | B8: 01 | C8: 004 | D8: Discontinued | E8: 25-MAR-2024 | F8: Adverse event
A9: ABC-01 | B9: 02 | C9: 001 | D9: Completed | E9: 07-APR-2024
A10: ABC-01 | B10: 02 | C10: 002 | D10: Completed | E10: 08-APR-2024
A11: ABC-01 | B11: 02 | C11: 003 | D11: Completed | E11: 10-APR-2024
A12: ABC-01 | B12: 02 | C12: 004 | D12: Completed | E12: 11-APR-2024

Sheet SDTM DM (EXERCISE)
A1: SDTM DM — complete the yellow cells
A2: Row 5 (green) is a worked example. Fill rows 6-12 using RAW dm / RAW ex / RAW ds and the CT Lookups. The Check sheet grades you live.
A4: STUDYID | B4: DOMAIN | C4: USUBJID | D4: SUBJID | E4: RFSTDTC | F4: RFENDTC | G4: RFXSTDTC | H4: RFXENDTC | I4: RFICDTC | J4: RFPENDTC | K4: DTHDTC | L4: DTHFL | M4: SITEID | N4: AGE | O4: AGEU | P4: SEX | Q4: RACE | R4: ETHNIC | S4: ARMCD | T4: ARM | U4: ACTARMCD | V4: ACTARM | W4: COUNTRY
A5: ABC-01 | B5: DM | C5: ABC-01-01-001 | D5: 001 | E5: 2024-03-01 | F5: 2024-03-28 | G5: 2024-03-01 | H5: 2024-03-28 | I5: 2024-02-20 | J5: 2024-03-28 | M5: 01 | N5: 54 | O5: YEARS | P5: F | Q5: WHITE | R5: NOT HISPANIC OR LATINO | S5: A | T5: Drug A | U5: A | V5: Drug A | W5: USA
D6: 002 | M6: 01
D7: 003 | M7: 01
D8: 004 | M8: 01
D9: 001 | M9: 02
D10: 002 | M10: 02
D11: 003 | M11: 02
D12: 004 | M12: 02
A15: Tip: DTHDTC and DTHFL stay empty — the Check sheet expects blanks there.

Sheet CT Lookups
A1: Controlled Terminology lookups
A2: Match the CT value EXACTLY — spelling and case.
A4: Variable | B4: Raw value | C4: SDTM value
A5: SEX | B5: 1 | C5: M
A6: SEX | B6: 2 | C6: F
A7: RACE | B7: White | C7: WHITE
A8: RACE | B8: Asian | C8: ASIAN
A9: RACE | B9: asian | C9: ASIAN
A10: RACE | B10: black or african american | C10: BLACK OR AFRICAN AMERICAN
A11: RACE | B11: Black or African American | C11: BLACK OR AFRICAN AMERICAN
A12: ETHNIC | B12: Not Hispanic or Latino | C12: NOT HISPANIC OR LATINO
A13: ETHNIC | B13: Hispanic or Latino | C13: HISPANIC OR LATINO
A14: ETHNIC | B14: Unknown | C14: UNKNOWN
A15: ARMCD | B15: Drug A | C15: A
A16: ARMCD | B16: Placebo | C16: P

Sheet ANSWER
A1: ANSWER — completed SDTM DM (instructor copy)
A2: Delete this sheet to make the trainee version blind.
A4: STUDYID | B4: DOMAIN | C4: USUBJID | D4: SUBJID | E4: RFSTDTC | F4: RFENDTC | G4: RFXSTDTC | H4: RFXENDTC | I4: RFICDTC | J4: RFPENDTC | K4: DTHDTC | L4: DTHFL | M4: SITEID | N4: AGE | O4: AGEU | P4: SEX | Q4: RACE | R4: ETHNIC | S4: ARMCD | T4: ARM | U4: ACTARMCD | V4: ACTARM | W4: COUNTRY
A5: ABC-01 | B5: DM | C5: ABC-01-01-001 | D5: 001 | E5: 2024-03-01 | F5: 2024-03-28 | G5: 2024-03-01 | H5: 2024-03-28 | I5: 2024-02-20 | J5: 2024-03-28 | M5: 01 | N5: 54 | O5: YEARS | P5: F | Q5: WHITE | R5: NOT HISPANIC OR LATINO | S5: A | T5: Drug A | U5: A | V5: Drug A | W5: USA
A6: ABC-01 | B6: DM | C6: ABC-01-01-002 | D6: 002 | E6: 2024-03-04 | F6: 2024-03-31 | G6: 2024-03-04 | H6: 2024-03-31 | I6: 2024-02-22 | J6: 2024-03-31 | M6: 01 | N6: 60 | O6: YEARS | P6: M | Q6: ASIAN | R6: NOT HISPANIC OR LATINO | S6: P | T6: Placebo | U6: P | V6: Placebo | W6: JPN
A7: ABC-01 | B7: DM | C7: ABC-01-01-003 | D7: 003 | E7: 2024-03-05 | F7: 2024-04-01 | G7: 2024-03-05 | H7: 2024-04-01 | I7: 2024-02-25 | J7: 2024-04-01 | M7: 01 | N7: 46 | O7: YEARS | P7: F | Q7: BLACK OR AFRICAN AMERICAN | R7: NOT HISPANIC OR LATINO | S7: A | T7: Drug A | U7: A | V7: Drug A | W7: USA
A8: ABC-01 | B8: DM | C8: ABC-01-01-004 | D8: 004 | E8: 2024-03-06 | F8: 2024-03-25 | G8: 2024-03-06 | H8: 2024-03-25 | I8: 2024-02-26 | J8: 2024-03-25 | M8: 01 | N8: 66 | O8: YEARS | P8: M | Q8: WHITE | R8: HISPANIC OR LATINO | S8: P | T8: Placebo | U8: P | V8: Placebo | W8: USA
A9: ABC-01 | B9: DM | C9: ABC-01-02-001 | D9: 001 | E9: 2024-03-11 | F9: 2024-04-07 | G9: 2024-03-11 | H9: 2024-04-07 | I9: 2024-03-01 | J9: 2024-04-07 | M9: 02 | N9: 51 | O9: YEARS | P9: M | Q9: WHITE | R9: NOT HISPANIC OR LATINO | S9: A | T9: Drug A | U9: A | V9: Drug A | W9: GBR
A10: ABC-01 | B10: DM | C10: ABC-01-02-002 | D10: 002 | E10: 2024-03-12 | F10: 2024-04-08 | G10: 2024-03-12 | H10: 2024-04-08 | I10: 2024-03-02 | J10: 2024-04-08 | M10: 02 | N10: 43 | O10: YEARS | P10: F | Q10: ASIAN | R10: NOT HISPANIC OR LATINO | S10: P | T10: Placebo | U10: P | V10: Placebo | W10: JPN
A11: ABC-01 | B11: DM | C11: ABC-01-02-003 | D11: 003 | E11: 2024-03-14 | F11: 2024-04-10 | G11: 2024-03-14 | H11: 2024-04-10 | I11: 2024-03-04 | J11: 2024-04-10 | M11: 02 | N11: 57 | O11: YEARS | P11: F | Q11: WHITE | R11: NOT HISPANIC OR LATINO | S11: A | T11: Drug A | U11: A | V11: Drug A | W11: USA
A12: ABC-01 | B12: DM | C12: ABC-01-02-004 | D12: 004 | E12: 2024-03-15 | F12: 2024-04-11 | G12: 2024-03-15 | H12: 2024-04-11 | I12: 2024-03-05 | J12: 2024-04-11 | M12: 02 | N12: 68 | O12: YEARS | P12: M | Q12: BLACK OR AFRICAN AMERICAN | R12: UNKNOWN | S12: P | T12: Placebo | U12: P | V12: Placebo | W12: USA

Sheet Check
A1: Check your work
A2: Live: each cell compares your entry to the answer. OK = correct, ? = not yet right.
A4: Cells correct | B4: =COUNTIF(B8:X14,"OK") -> 28 | C4: of 161
A5: Percent complete | B5: =IFERROR(B4/161,0) -> 0.17391304 | C5: You start at 28/161 (17.4%), not 0 — SUBJID and SITEID are given to you as row keys, and DTHDTC/DTHFL are correctly blank. The other 133 cells are yours.
A7: Subject | B7: STUDYID | C7: DOMAIN | D7: USUBJID | E7: SUBJID | F7: RFSTDTC | G7: RFENDTC | H7: RFXSTDTC | I7: RFXENDTC | J7: RFICDTC | K7: RFPENDTC | L7: DTHDTC | M7: DTHFL | N7: SITEID | O7: AGE | P7: AGEU | Q7: SEX | R7: RACE | S7: ETHNIC | T7: ARMCD | U7: ARM | V7: ACTARMCD | W7: ACTARM | X7: COUNTRY
A8: ='SDTM DM (EXERCISE)'!C6 -> 0 | B8: =IF(EXACT(TRIM('SDTM DM (EXERCISE)'!A6&""),TRIM(ANSWER!A6&"")),"OK","?") -> ? | C8: =IF(EXACT(TRIM('SDTM DM (EXERCISE)'!B6&""),TRIM(ANSWER!B6&"")),"OK","?") -> ? | D8: =IF(EXACT(TRIM('SDTM DM (EXERCISE)'!C6&""),TRIM(ANSWER!C6&"")),"OK","?") -> ? | E8: =IF(EXACT(TRIM('SDTM DM (EXERCISE)'!D6&""),TRIM(ANSWER!D6&"")),"OK","?") -> OK | F8: =IF(EXACT(TRIM('SDTM DM (EXERCISE)'!E6&""),TRIM(ANSWER!E6&"")),"OK","?") -> ? | G8: =IF(EXACT(TRIM('SDTM DM (EXERCISE)'!F6&""),TRIM(ANSWER!F6&"")),"OK","?") -> ? | H8: =IF(EXACT(TRIM('SDTM DM (EXERCISE)'!G6&""),TRIM(ANSWER!G6&"")),"OK","?") -> ? | I8: =IF(EXACT(TRIM('SDTM DM (EXERCISE)'!H6&""),TRIM(ANSWER!H6&"")),"OK","?") -> ? | ... X8: =IF(EXACT(TRIM('SDTM DM (EXERCISE)'!W6&""),TRIM(ANSWER!W6&"")),"OK","?") -> ?
A9: ='SDTM DM (EXERCISE)'!C7 -> 0 | B9: =IF(EXACT(TRIM('SDTM DM (EXERCISE)'!A7&""),TRIM(ANSWER!A7&"")),"OK","?") -> ? | C9: =IF(EXACT(TRIM('SDTM DM (EXERCISE)'!B7&""),TRIM(ANSWER!B7&"")),"OK","?") -> ? | D9: =IF(EXACT(TRIM('SDTM DM (EXERCISE)'!C7&""),TRIM(ANSWER!C7&"")),"OK","?") -> ? | E9: =IF(EXACT(TRIM('SDTM DM (EXERCISE)'!D7&""),TRIM(ANSWER!D7&"")),"OK","?") -> OK | F9: =IF(EXACT(TRIM('SDTM DM (EXERCISE)'!E7&""),TRIM(ANSWER!E7&"")),"OK","?") -> ? | G9: =IF(EXACT(TRIM('SDTM DM (EXERCISE)'!F7&""),TRIM(ANSWER!F7&"")),"OK","?") -> ? | H9: =IF(EXACT(TRIM('SDTM DM (EXERCISE)'!G7&""),TRIM(ANSWER!G7&"")),"OK","?") -> ? | I9: =IF(EXACT(TRIM('SDTM DM (EXERCISE)'!H7&""),TRIM(ANSWER!H7&"")),"OK","?") -> ? | ... X9: =IF(EXACT(TRIM('SDTM DM (EXERCISE)'!W7&""),TRIM(ANSWER!W7&"")),"OK","?") -> ?
A10: ='SDTM DM (EXERCISE)'!C8 -> 0 | B10: =IF(EXACT(TRIM('SDTM DM (EXERCISE)'!A8&""),TRIM(ANSWER!A8&"")),"OK","?") -> ? | C10: =IF(EXACT(TRIM('SDTM DM (EXERCISE)'!B8&""),TRIM(ANSWER!B8&"")),"OK","?") -> ? | D10: =IF(EXACT(TRIM('SDTM DM (EXERCISE)'!C8&""),TRIM(ANSWER!C8&"")),"OK","?") -> ? | E10: =IF(EXACT(TRIM('SDTM DM (EXERCISE)'!D8&""),TRIM(ANSWER!D8&"")),"OK","?") -> OK | F10: =IF(EXACT(TRIM('SDTM DM (EXERCISE)'!E8&""),TRIM(ANSWER!E8&"")),"OK","?") -> ? | G10: =IF(EXACT(TRIM('SDTM DM (EXERCISE)'!F8&""),TRIM(ANSWER!F8&"")),"OK","?") -> ? | H10: =IF(EXACT(TRIM('SDTM DM (EXERCISE)'!G8&""),TRIM(ANSWER!G8&"")),"OK","?") -> ? | I10: =IF(EXACT(TRIM('SDTM DM (EXERCISE)'!H8&""),TRIM(ANSWER!H8&"")),"OK","?") -> ? | ... X10: =IF(EXACT(TRIM('SDTM DM (EXERCISE)'!W8&""),TRIM(ANSWER!W8&"")),"OK","?") -> ?
A11: ='SDTM DM (EXERCISE)'!C9 -> 0 | B11: =IF(EXACT(TRIM('SDTM DM (EXERCISE)'!A9&""),TRIM(ANSWER!A9&"")),"OK","?") -> ? | C11: =IF(EXACT(TRIM('SDTM DM (EXERCISE)'!B9&""),TRIM(ANSWER!B9&"")),"OK","?") -> ? | D11: =IF(EXACT(TRIM('SDTM DM (EXERCISE)'!C9&""),TRIM(ANSWER!C9&"")),"OK","?") -> ? | E11: =IF(EXACT(TRIM('SDTM DM (EXERCISE)'!D9&""),TRIM(ANSWER!D9&"")),"OK","?") -> OK | F11: =IF(EXACT(TRIM('SDTM DM (EXERCISE)'!E9&""),TRIM(ANSWER!E9&"")),"OK","?") -> ? | G11: =IF(EXACT(TRIM('SDTM DM (EXERCISE)'!F9&""),TRIM(ANSWER!F9&"")),"OK","?") -> ? | H11: =IF(EXACT(TRIM('SDTM DM (EXERCISE)'!G9&""),TRIM(ANSWER!G9&"")),"OK","?") -> ? | I11: =IF(EXACT(TRIM('SDTM DM (EXERCISE)'!H9&""),TRIM(ANSWER!H9&"")),"OK","?") -> ? | ... X11: =IF(EXACT(TRIM('SDTM DM (EXERCISE)'!W9&""),TRIM(ANSWER!W9&"")),"OK","?") -> ?
A12: ='SDTM DM (EXERCISE)'!C10 -> 0 | B12: =IF(EXACT(TRIM('SDTM DM (EXERCISE)'!A10&""),TRIM(ANSWER!A10&"")),"OK","?") -> ? | C12: =IF(EXACT(TRIM('SDTM DM (EXERCISE)'!B10&""),TRIM(ANSWER!B10&"")),"OK","?") -> ? | D12: =IF(EXACT(TRIM('SDTM DM (EXERCISE)'!C10&""),TRIM(ANSWER!C10&"")),"OK","?") -> ? | E12: =IF(EXACT(TRIM('SDTM DM (EXERCISE)'!D10&""),TRIM(ANSWER!D10&"")),"OK","?") -> OK | F12: =IF(EXACT(TRIM('SDTM DM (EXERCISE)'!E10&""),TRIM(ANSWER!E10&"")),"OK","?") -> ? | G12: =IF(EXACT(TRIM('SDTM DM (EXERCISE)'!F10&""),TRIM(ANSWER!F10&"")),"OK","?") -> ? | H12: =IF(EXACT(TRIM('SDTM DM (EXERCISE)'!G10&""),TRIM(ANSWER!G10&"")),"OK","?") -> ? | I12: =IF(EXACT(TRIM('SDTM DM (EXERCISE)'!H10&""),TRIM(ANSWER!H10&"")),"OK","?") -> ? | ... X12: =IF(EXACT(TRIM('SDTM DM (EXERCISE)'!W10&""),TRIM(ANSWER!W10&"")),"OK","?") -> ?
A13: ='SDTM DM (EXERCISE)'!C11 -> 0 | B13: =IF(EXACT(TRIM('SDTM DM (EXERCISE)'!A11&""),TRIM(ANSWER!A11&"")),"OK","?") -> ? | C13: =IF(EXACT(TRIM('SDTM DM (EXERCISE)'!B11&""),TRIM(ANSWER!B11&"")),"OK","?") -> ? | D13: =IF(EXACT(TRIM('SDTM DM (EXERCISE)'!C11&""),TRIM(ANSWER!C11&"")),"OK","?") -> ? | E13: =IF(EXACT(TRIM('SDTM DM (EXERCISE)'!D11&""),TRIM(ANSWER!D11&"")),"OK","?") -> OK | F13: =IF(EXACT(TRIM('SDTM DM (EXERCISE)'!E11&""),TRIM(ANSWER!E11&"")),"OK","?") -> ? | G13: =IF(EXACT(TRIM('SDTM DM (EXERCISE)'!F11&""),TRIM(ANSWER!F11&"")),"OK","?") -> ? | H13: =IF(EXACT(TRIM('SDTM DM (EXERCISE)'!G11&""),TRIM(ANSWER!G11&"")),"OK","?") -> ? | I13: =IF(EXACT(TRIM('SDTM DM (EXERCISE)'!H11&""),TRIM(ANSWER!H11&"")),"OK","?") -> ? | ... X13: =IF(EXACT(TRIM('SDTM DM (EXERCISE)'!W11&""),TRIM(ANSWER!W11&"")),"OK","?") -> ?
A14: ='SDTM DM (EXERCISE)'!C12 -> 0 | B14: =IF(EXACT(TRIM('SDTM DM (EXERCISE)'!A12&""),TRIM(ANSWER!A12&"")),"OK","?") -> ? | C14: =IF(EXACT(TRIM('SDTM DM (EXERCISE)'!B12&""),TRIM(ANSWER!B12&"")),"OK","?") -> ? | D14: =IF(EXACT(TRIM('SDTM DM (EXERCISE)'!C12&""),TRIM(ANSWER!C12&"")),"OK","?") -> ? | E14: =IF(EXACT(TRIM('SDTM DM (EXERCISE)'!D12&""),TRIM(ANSWER!D12&"")),"OK","?") -> OK | F14: =IF(EXACT(TRIM('SDTM DM (EXERCISE)'!E12&""),TRIM(ANSWER!E12&"")),"OK","?") -> ? | G14: =IF(EXACT(TRIM('SDTM DM (EXERCISE)'!F12&""),TRIM(ANSWER!F12&"")),"OK","?") -> ? | H14: =IF(EXACT(TRIM('SDTM DM (EXERCISE)'!G12&""),TRIM(ANSWER!G12&"")),"OK","?") -> ? | I14: =IF(EXACT(TRIM('SDTM DM (EXERCISE)'!H12&""),TRIM(ANSWER!H12&"")),"OK","?") -> ? | ... X14: =IF(EXACT(TRIM('SDTM DM (EXERCISE)'!W12&""),TRIM(ANSWER!W12&"")),"OK","?") -> ?
